<?xml version="1.0" encoding="ISO-8859-15"?>
<uc-export clientvers="11.2.0-nightly+main.build.2091">
<DOCU name="PCK.AUTOMIC_VSS.PUB.DOC">
<HEADER state="1">
<Title>VSS Package documentation</Title>
<ArchiveKey1/>
<ArchiveKey2/>
<OH_SubType/>
</HEADER>
<DOCU_Docu state="1" type="text">
<DOC><![CDATA[About Automic's VSS Package
==============================
VSS package provides solutions to interact with Microsoft Visual SourceSafe for version control.]]></DOC>
</DOCU_Docu>
</DOCU>
</uc-export>