<?xml version="1.0" encoding="ISO-8859-15"?>
<uc-export clientvers="11.2.0-nightly+main.build.2091">
<FolderStruct>
<includeExternalObjects>0</includeExternalObjects>
<FOLD name="PCK.AUTOMIC_VSS" title="">
<VARA id="2294689" link="0" name="PCK.AUTOMIC_VSS.PUB.VAR.METADATA"/>
<FOLD name="ACTIONS" title="">
<FOLD name="VERSION_CONTROL" title="">
<FOLD name="VSS" title="">
<JOBP id="2296157" link="1" name="PCK.AUTOMIC_VSS.PUB.ACTION.CHECKOUT"/>
</FOLD>
</FOLD>
</FOLD>
<FOLD name="CONFIG" title="">
<VARA id="2296158" link="0" name="PCK.AUTOMIC_VSS.PUB.PROMPT_EXTERNAL_MAP"/>
</FOLD>
<FOLD name="DOCUMENTATION" title="">
<DOCU id="2296159" link="0" name="PCK.AUTOMIC_VSS.PUB.DOC"/>
<DOCU id="2296160" link="0" name="PCK.AUTOMIC_VSS.PUB.LICENSES"/>
</FOLD>
<FOLD name="RESOURCES" title="">
<FOLD name="INTERPRETERS" title=""/>
<FOLD name="LIBS" title=""/>
<FOLD name="SCRIPTS" title=""/>
</FOLD>
<FOLD name="SOURCE" title="">
<FOLD name="CHECKOUT" title="">
<JOBP id="2296157" link="0" name="PCK.AUTOMIC_VSS.PUB.ACTION.CHECKOUT"/>
<FOLD name="INTERNAL" title="">
<FOLD name="INCLUDES" title="">
<JOBI id="2296153" link="0" name="PCK.AUTOMIC_VSS.PRV.INCLUDE.CHECKOUT_LOGGING_PARAM"/>
</FOLD>
<FOLD name="JOBS" title="">
<JOBS_WINDOWS id="2294696" link="0" name="PCK.AUTOMIC_VSS.PRV.JOB.CHECKOUT@WINDOWS"/>
</FOLD>
<FOLD name="PROMPTSETS" title="">
<PRPT id="2296155" link="0" name="PCK.AUTOMIC_VSS.PRV.PROMPTSET.CHECKOUT"/>
</FOLD>
<FOLD name="ROLLBACK" title=""/>
<FOLD name="VARIABLES" title=""/>
</FOLD>
</FOLD>
</FOLD>
<FOLD name="TEMPLATES" title=""/>
</FOLD>
</FolderStruct>
<VARA OVD_VRName="FREI" data_type="STATIC" name="PCK.AUTOMIC_VSS.PUB.VAR.METADATA" replacementmode="2">
<HEADER state="1">
<Title/>
<ArchiveKey1/>
<ArchiveKey2/>
<OH_SubType>STATIC</OH_SubType>
</HEADER>
<ATTR_VARA state="1">
<Type>C|Text</Type>
<lblSource>Static</lblSource>
<source>STATIC</source>
<VRName>FREI|Freely selected</VRName>
<NotFoundErr>0</NotFoundErr>
<NotFoundDef>1</NotFoundDef>
<ShareN>0</ShareN>
<ShareL>0</ShareL>
<ShareR>0</ShareR>
<MaxValue_C>1024</MaxValue_C>
<CheckMax_C>0</CheckMax_C>
<uppercase>0</uppercase>
<sortColumn>0</sortColumn>
<sortDirection>0</sortDirection>
</ATTR_VARA>
<VARA state="1">
<Variables>
<row Name="Categories" Value="VSS" Value1="" Value2="" Value3="" Value4=""/>
<row Name="Company" Value="Automic Software GmbH" Value1="" Value2="" Value3="" Value4=""/>
<row Name="Dependencies" Value="PCK.ITPA_SHARED ~&gt; 1.1, PCK.AUTOMIC_FILESYSTEM ~&gt; 1.1" Value1="" Value2="" Value3="" Value4=""/>
<row Name="Description" Value="This package contains actions to interact with Microsoft Visual SourceSafe" Value1="" Value2="" Value3="" Value4=""/>
<row Name="Homepage" Value="www.automic.com" Value1="" Value2="" Value3="" Value4=""/>
<row Name="License" Value="" Value1="" Value2="" Value3="" Value4=""/>
<row Name="Name" Value="PCK.AUTOMIC_VSS" Value1="" Value2="" Value3="" Value4=""/>
<row Name="Package Format Version" Value="0.1.0" Value1="" Value2="" Value3="" Value4=""/>
<row Name="Title" Value="Automic VSS package" Value1="" Value2="" Value3="" Value4=""/>
<row Name="Version" Value="1.0.0" Value1="" Value2="" Value3="" Value4=""/>
</Variables>
</VARA>
<DOCU_Docu state="1" type="text">
<DOC/>
</DOCU_Docu>
</VARA>
<VARA OVD_VRName="FREI" data_type="STATIC" name="PCK.AUTOMIC_VSS.PUB.PROMPT_EXTERNAL_MAP" replacementmode="2">
<HEADER state="1">
<Title/>
<ArchiveKey1/>
<ArchiveKey2/>
<OH_SubType>STATIC</OH_SubType>
</HEADER>
<ATTR_VARA state="1">
<Type>C|Text</Type>
<lblSource>Static</lblSource>
<source>STATIC</source>
<VRName>FREI|Freely selected</VRName>
<NotFoundErr>0</NotFoundErr>
<NotFoundDef>1</NotFoundDef>
<ShareN>0</ShareN>
<ShareL>0</ShareL>
<ShareR>0</ShareR>
<MaxValue_C>1024</MaxValue_C>
<CheckMax_C>0</CheckMax_C>
<uppercase>0</uppercase>
<sortColumn>0</sortColumn>
<sortDirection>0</sortDirection>
</ATTR_VARA>
<VARA state="1">
<Variables>
<row Name="PCK.AUTOMIC_VSS.PUB.ACTION.CHECKOUT/AGENT#" Value="&amp;AGENT#" Value1="" Value2="" Value3="" Value4=""/>
<row Name="PCK.AUTOMIC_VSS.PUB.ACTION.CHECKOUT/LOGIN#" Value="&amp;LOGIN#" Value1="" Value2="" Value3="" Value4=""/>
</Variables>
</VARA>
<DOCU_Docu state="1" type="text">
<DOC/>
</DOCU_Docu>
</VARA>
<DOCU name="PCK.AUTOMIC_VSS.PUB.DOC">
<HEADER state="1">
<Title>VSS Package documentation</Title>
<ArchiveKey1/>
<ArchiveKey2/>
<OH_SubType/>
</HEADER>
<DOCU_Docu state="1" type="text">
<DOC><![CDATA[About Automic's VSS Package
==============================
VSS package provides solutions to interact with Microsoft Visual SourceSafe for version control.]]></DOC>
</DOCU_Docu>
</DOCU>
<DOCU name="PCK.AUTOMIC_VSS.PUB.LICENSES">
<HEADER state="1">
<Title>VSS Package Licenses</Title>
<ArchiveKey1/>
<ArchiveKey2/>
<OH_SubType/>
</HEADER>
<DOCU_Docu state="1" type="text">
<DOC/>
</DOCU_Docu>
</DOCU>
<JOBP AllowExternal="1" name="PCK.AUTOMIC_VSS.PUB.ACTION.CHECKOUT">
<XHEADER state="1">
<Title>Checkout file(s)</Title>
<ArchiveKey1/>
<ArchiveKey2/>
<Active>1</Active>
<OH_SubType/>
<CustomAttributes KeyListID="0" dataRequestID="0"/>
</XHEADER>
<SYNCREF state="1">
<Syncs/>
</SYNCREF>
<ATTR_JOBP state="1">
<Queue>CLIENT_QUEUE</Queue>
<ChildQueue/>
<StartType/>
<ExtRepDef>1</ExtRepDef>
<ExtRepAll>0</ExtRepAll>
<ExtRepNone>0</ExtRepNone>
<IntAccount/>
<AutoDeactNo>0</AutoDeactNo>
<AutoDeact1ErrorFree>0</AutoDeact1ErrorFree>
<AutoDeactErrorFree>1</AutoDeactErrorFree>
<DeactWhen/>
<AutoDeactAlways>0</AutoDeactAlways>
<DeactDelay>0</DeactDelay>
<ActAtRun>1</ActAtRun>
<UC4Priority>0</UC4Priority>
<MaxParallel2>0</MaxParallel2>
<ReuseHG>1</ReuseHG>
<MpElse1>1</MpElse1>
<MpElse2>0</MpElse2>
<TZ/>
<RWhen/>
<RExecute/>
<JPA_SubType/>
</ATTR_JOBP>
<JOBP state="1">
<JobpStruct mode="design">
<task Alias="" BranchType="0" Col="1" Lnr="1" OType="&lt;START&gt;" Object="START" ParentAlias="" ParentObject="" Row="1" Text2="">
<checkpoint RollbackFlag="0" RunPerPatch="0" RunPerTarget="0" TcpADays="0" TcpATime="00:00" TcpATimeTZ="" TcpExecute="" TcpOn="0" promptatgen="0" showprompt="0"/>
<after ActFlg="1" AtimOn="0" ErlstStDays="0" ErlstStTime="00:00" ErlstStTimeTZ="" HoldFlg="0"/>
<when ChkWhenExec="0" LtstEnd="0" LtstEndDays="0" LtstEndTime="00:00" LtstSt="0" LtstStDays="0" LtstStTime="00:00" LtstTimeTZ="" WCTypeAND="1" WCTypeOR="0" WElseA="0" WElseH="0" WElseS="1" WElseX="0" WhenExecute="" WtimOn="0"/>
<preconditions>
<PreCon>
<conditions id="CONDITIONS"/>
</PreCon>
</preconditions>
<predecessors/>
<runtime MrtCancel="0" MrtDays="0" MrtErt="0" MrtExecute="0" MrtExecuteObj="" MrtFix="0" MrtMethodDate="0" MrtMethodErt="0" MrtMethodFix="0" MrtMethodNone="1" MrtOn="1" MrtTZ="" MrtTime="00:00" SrtErt="0" SrtFix="0" SrtMethodErt="0" SrtMethodFix="0" SrtMethodNone="1"/>
<result ChkRExec="0" RElseHalt="0" RElseIgn="0" RElseJPAbend="0" RExecFlag="0" RExecute="" RRepMTimes="0" RRepOn="0" RRepWait="0" RWhen=""/>
<dynvalues>
<dyntree>
<node content="1" id="PCK.AUTOMIC_VSS.PRV.PROMPTSET.CHECKOUT" name="PCK.AUTOMIC_VSS.PRV.PROMPTSET.CHECKOUT" parent="PPRPTS" type="PPROMPTSET">
<PROMPTSET name="PCK.AUTOMIC_VSS.PRV.PROMPTSET.CHECKOUT">
<PRPTBOX promptset="PCK.AUTOMIC_VSS.PRV.PROMPTSET.CHECKOUT">
<UC4RB_VSS_COMMENTs.00 ReadFromTable="OPUD" altview="0" haslist="0" msginsert="" msgnr="" promptname="UC4RB_VSS_COMMENT#" promptsetname="PCK.AUTOMIC_VSS.PRV.PROMPTSET.CHECKOUT"/>
<UC4RB_VSS_DB_DIRs.00 ReadFromTable="OPSE" altview="0" haslist="0" msginsert="" msgnr="" promptname="UC4RB_VSS_DB_DIR#" promptsetname="PCK.AUTOMIC_VSS.PRV.PROMPTSET.CHECKOUT"/>
<UC4RB_VSS_IGNORE_CASEs.00 ReadFromTable="OPUD" altview="0" haslist="0" msginsert="" msgnr="" promptname="UC4RB_VSS_IGNORE_CASE#" promptsetname="PCK.AUTOMIC_VSS.PRV.PROMPTSET.CHECKOUT">YES</UC4RB_VSS_IGNORE_CASEs.00>
<UC4RB_VSS_ITEMs.00 ReadFromTable="OPUD" altview="0" haslist="0" msginsert="" msgnr="" promptname="UC4RB_VSS_ITEM#" promptsetname="PCK.AUTOMIC_VSS.PRV.PROMPTSET.CHECKOUT"/>
<UC4RB_VSS_PASSWORDs.00 ReadFromTable="OPUD" altview="0" haslist="0" msginsert="" msgnr="" promptname="UC4RB_VSS_PASSWORD#" promptsetname="PCK.AUTOMIC_VSS.PRV.PROMPTSET.CHECKOUT">--10</UC4RB_VSS_PASSWORDs.00>
<UC4RB_VSS_RECURSIVEs.00 ReadFromTable="OPUD" altview="0" haslist="0" msginsert="" msgnr="" promptname="UC4RB_VSS_RECURSIVE#" promptsetname="PCK.AUTOMIC_VSS.PRV.PROMPTSET.CHECKOUT">YES</UC4RB_VSS_RECURSIVEs.00>
<UC4RB_VSS_USERs.00 ReadFromTable="OPUD" altview="0" haslist="0" msginsert="" msgnr="" promptname="UC4RB_VSS_USER#" promptsetname="PCK.AUTOMIC_VSS.PRV.PROMPTSET.CHECKOUT"/>
<UC4RB_VSS_UTIL_DIRs.00 ReadFromTable="OPSE" altview="0" haslist="0" msginsert="" msgnr="" promptname="UC4RB_VSS_UTIL_DIR#" promptsetname="PCK.AUTOMIC_VSS.PRV.PROMPTSET.CHECKOUT"/>
<UC4RB_VSS_WORKING_DIRs.00 ReadFromTable="OPUD" altview="0" haslist="0" msginsert="" msgnr="" promptname="UC4RB_VSS_WORKING_DIR#" promptsetname="PCK.AUTOMIC_VSS.PRV.PROMPTSET.CHECKOUT"/>
</PRPTBOX>
</PROMPTSET>
</node>
<node content="1" id="PCK.ITPA_SHARED.PRV.PROMPTSET.OVERWRITE_AGENT" name="PCK.ITPA_SHARED.PRV.PROMPTSET.OVERWRITE_AGENT" parent="PPRPTS" type="PPROMPTSET">
<PROMPTSET name="PCK.ITPA_SHARED.PRV.PROMPTSET.OVERWRITE_AGENT">
<PRPTBOX promptset="PCK.ITPA_SHARED.PRV.PROMPTSET.OVERWRITE_AGENT">
<AGENTs.00 ReadFromTable="OPSE" altview="0" haslist="0" msginsert="" msgnr="" promptname="AGENT#" promptsetname="PCK.ITPA_SHARED.PRV.PROMPTSET.OVERWRITE_AGENT"/>
<LOGINs.00 ReadFromTable="OPSE" altview="0" haslist="0" msginsert="" msgnr="" promptname="LOGIN#" promptsetname="PCK.ITPA_SHARED.PRV.PROMPTSET.OVERWRITE_AGENT"/>
</PRPTBOX>
</PROMPTSET>
</node>
</dyntree>
</dynvalues>
<CIT/>
<calendars CCTypeAll="0" CCTypeExt="0" CCTypeNone="0" CCTypeOne="1" CaleOn="0"/>
<postconditions>
<PostCon>
<conditions id="CONDITIONS"/>
</PostCon>
</postconditions>
</task>
<task Alias="" BranchType="0" Col="2" Lnr="2" OType="JOBS" Object="PCK.AUTOMIC_VSS.PRV.JOB.CHECKOUT@WINDOWS" ParentAlias="" ParentObject="" Row="1" Text2="">
<checkpoint RollbackFlag="1" RunPerPatch="0" RunPerTarget="0" TcpADays="0" TcpATime="00:00" TcpATimeTZ="" TcpExecute="" TcpOn="0" promptatgen="0" showprompt="0"/>
<after ActFlg="1" AtimOn="0" ErlstStDays="0" ErlstStTime="00:00" ErlstStTimeTZ="" HoldFlg="0"/>
<when ChkWhenExec="0" LtstEnd="0" LtstEndDays="0" LtstEndTime="00:00" LtstSt="0" LtstStDays="0" LtstStTime="00:00" LtstTimeTZ="" WCTypeAND="1" WCTypeOR="0" WElseA="0" WElseH="1" WElseS="0" WElseX="0" WhenExecute="" WtimOn="0"/>
<preconditions>
<PreCon>
<conditions id="CONDITIONS"/>
</PreCon>
</preconditions>
<predecessors>
<pre BranchType="0" Lnr="1" PreLnr="1" When="" type="container"/>
</predecessors>
<runtime MrtCancel="0" MrtDays="0" MrtErt="0" MrtExecute="0" MrtExecuteObj="" MrtFix="0" MrtMethodDate="0" MrtMethodErt="0" MrtMethodFix="0" MrtMethodNone="1" MrtOn="1" MrtTZ="" MrtTime="00:00" SrtErt="0" SrtFix="0" SrtMethodErt="0" SrtMethodFix="0" SrtMethodNone="1"/>
<result ChkRExec="0" RElseHalt="1" RElseIgn="0" RElseJPAbend="0" RExecFlag="0" RExecute="" RRepMTimes="0" RRepOn="0" RRepWait="0" RWhen=""/>
<dynvalues>
<dyntree>
<node content="1" id="VALUE" name="Variables" parent="" type="TASKVALUE">
<VALUE state="2">
<Values/>
<Mode>0</Mode>
</VALUE>
</node>
<node content="1" id="PVALUE" name="Parent Variables" parent="" type="TASKVALUE">
<VALUE state="2">
<Values/>
<Mode>0</Mode>
</VALUE>
</node>
<node content="1" id="PRPTS" name="PromptSets" parent="" pref="1" type="PROMPTSET"/>
<node content="0" id="PPRPTS" name="Parent PromptSets" parent="" type="PPROMPTSET"/>
<node content="1" id="PCK.AUTOMIC_VSS.PRV.PROMPTSET.CHECKOUT" name="PCK.AUTOMIC_VSS.PRV.PROMPTSET.CHECKOUT" parent="PPRPTS" type="PPROMPTSET">
<PROMPTSET name="PCK.AUTOMIC_VSS.PRV.PROMPTSET.CHECKOUT">
<PRPTBOX promptset="PCK.AUTOMIC_VSS.PRV.PROMPTSET.CHECKOUT">
<UC4RB_VSS_COMMENTs.00 ReadFromTable="OPUD" altview="0" haslist="0" msginsert="" msgnr="" promptname="UC4RB_VSS_COMMENT#" promptsetname="PCK.AUTOMIC_VSS.PRV.PROMPTSET.CHECKOUT"/>
<UC4RB_VSS_DB_DIRs.00 ReadFromTable="OPSE" altview="0" haslist="0" msginsert="" msgnr="" promptname="UC4RB_VSS_DB_DIR#" promptsetname="PCK.AUTOMIC_VSS.PRV.PROMPTSET.CHECKOUT"/>
<UC4RB_VSS_IGNORE_CASEs.00 ReadFromTable="OPUD" altview="0" haslist="0" msginsert="" msgnr="" promptname="UC4RB_VSS_IGNORE_CASE#" promptsetname="PCK.AUTOMIC_VSS.PRV.PROMPTSET.CHECKOUT">YES</UC4RB_VSS_IGNORE_CASEs.00>
<UC4RB_VSS_ITEMs.00 ReadFromTable="OPUD" altview="0" haslist="0" msginsert="" msgnr="" promptname="UC4RB_VSS_ITEM#" promptsetname="PCK.AUTOMIC_VSS.PRV.PROMPTSET.CHECKOUT"/>
<UC4RB_VSS_PASSWORDs.00 ReadFromTable="OPUD" altview="0" haslist="0" msginsert="" msgnr="" promptname="UC4RB_VSS_PASSWORD#" promptsetname="PCK.AUTOMIC_VSS.PRV.PROMPTSET.CHECKOUT">--10</UC4RB_VSS_PASSWORDs.00>
<UC4RB_VSS_RECURSIVEs.00 ReadFromTable="OPUD" altview="0" haslist="0" msginsert="" msgnr="" promptname="UC4RB_VSS_RECURSIVE#" promptsetname="PCK.AUTOMIC_VSS.PRV.PROMPTSET.CHECKOUT">YES</UC4RB_VSS_RECURSIVEs.00>
<UC4RB_VSS_USERs.00 ReadFromTable="OPUD" altview="0" haslist="0" msginsert="" msgnr="" promptname="UC4RB_VSS_USER#" promptsetname="PCK.AUTOMIC_VSS.PRV.PROMPTSET.CHECKOUT"/>
<UC4RB_VSS_UTIL_DIRs.00 ReadFromTable="OPSE" altview="0" haslist="0" msginsert="" msgnr="" promptname="UC4RB_VSS_UTIL_DIR#" promptsetname="PCK.AUTOMIC_VSS.PRV.PROMPTSET.CHECKOUT"/>
<UC4RB_VSS_WORKING_DIRs.00 ReadFromTable="OPUD" altview="0" haslist="0" msginsert="" msgnr="" promptname="UC4RB_VSS_WORKING_DIR#" promptsetname="PCK.AUTOMIC_VSS.PRV.PROMPTSET.CHECKOUT"/>
</PRPTBOX>
</PROMPTSET>
</node>
<node content="1" id="PCK.ITPA_SHARED.PRV.PROMPTSET.OVERWRITE_AGENT" name="PCK.ITPA_SHARED.PRV.PROMPTSET.OVERWRITE_AGENT" parent="PPRPTS" type="PPROMPTSET">
<PROMPTSET name="PCK.ITPA_SHARED.PRV.PROMPTSET.OVERWRITE_AGENT">
<PRPTBOX promptset="PCK.ITPA_SHARED.PRV.PROMPTSET.OVERWRITE_AGENT">
<AGENTs.00 ReadFromTable="OPSE" altview="0" haslist="0" msginsert="" msgnr="" promptname="AGENT#" promptsetname="PCK.ITPA_SHARED.PRV.PROMPTSET.OVERWRITE_AGENT"/>
<LOGINs.00 ReadFromTable="OPSE" altview="0" haslist="0" msginsert="" msgnr="" promptname="LOGIN#" promptsetname="PCK.ITPA_SHARED.PRV.PROMPTSET.OVERWRITE_AGENT"/>
</PRPTBOX>
</PROMPTSET>
</node>
</dyntree>
</dynvalues>
<CIT/>
<calendars CCTypeAll="0" CCTypeExt="0" CCTypeNone="0" CCTypeOne="1" CaleOn="0"/>
<postconditions>
<PostCon>
<conditions id="CONDITIONS"/>
</PostCon>
</postconditions>
</task>
<task Alias="" BranchType="0" Col="3" Lnr="3" OType="&lt;END&gt;" Object="END" ParentAlias="" ParentObject="" Row="1" Text2="">
<checkpoint RollbackFlag="0" RunPerPatch="0" RunPerTarget="0" TcpADays="0" TcpATime="00:00" TcpATimeTZ="" TcpExecute="" TcpOn="0" promptatgen="0" showprompt="0"/>
<after ActFlg="1" AtimOn="0" ErlstStDays="0" ErlstStTime="00:00" ErlstStTimeTZ="" HoldFlg="0"/>
<when ChkWhenExec="0" LtstEnd="0" LtstEndDays="0" LtstEndTime="00:00" LtstSt="0" LtstStDays="0" LtstStTime="00:00" LtstTimeTZ="" WCTypeAND="1" WCTypeOR="0" WElseA="1" WElseH="0" WElseS="0" WElseX="0" WhenExecute="" WtimOn="0"/>
<preconditions>
<PreCon>
<conditions id="CONDITIONS"/>
</PreCon>
</preconditions>
<predecessors>
<pre BranchType="0" Lnr="1" PreLnr="2" When="ANY_OK" type="container"/>
</predecessors>
<runtime MrtCancel="0" MrtDays="0" MrtErt="0" MrtExecute="0" MrtExecuteObj="" MrtFix="0" MrtMethodDate="0" MrtMethodErt="0" MrtMethodFix="0" MrtMethodNone="1" MrtOn="1" MrtTZ="" MrtTime="00:00" SrtErt="0" SrtFix="0" SrtMethodErt="0" SrtMethodFix="0" SrtMethodNone="1"/>
<result ChkRExec="0" RElseHalt="0" RElseIgn="0" RElseJPAbend="0" RExecFlag="0" RExecute="" RRepMTimes="0" RRepOn="0" RRepWait="0" RWhen=""/>
<dynvalues>
<dyntree>
<node content="1" id="PCK.AUTOMIC_VSS.PRV.PROMPTSET.CHECKOUT" name="PCK.AUTOMIC_VSS.PRV.PROMPTSET.CHECKOUT" parent="PPRPTS" type="PPROMPTSET">
<PROMPTSET name="PCK.AUTOMIC_VSS.PRV.PROMPTSET.CHECKOUT">
<PRPTBOX promptset="PCK.AUTOMIC_VSS.PRV.PROMPTSET.CHECKOUT">
<UC4RB_VSS_COMMENTs.00 ReadFromTable="OPUD" altview="0" haslist="0" msginsert="" msgnr="" promptname="UC4RB_VSS_COMMENT#" promptsetname="PCK.AUTOMIC_VSS.PRV.PROMPTSET.CHECKOUT"/>
<UC4RB_VSS_DB_DIRs.00 ReadFromTable="OPSE" altview="0" haslist="0" msginsert="" msgnr="" promptname="UC4RB_VSS_DB_DIR#" promptsetname="PCK.AUTOMIC_VSS.PRV.PROMPTSET.CHECKOUT"/>
<UC4RB_VSS_IGNORE_CASEs.00 ReadFromTable="OPUD" altview="0" haslist="0" msginsert="" msgnr="" promptname="UC4RB_VSS_IGNORE_CASE#" promptsetname="PCK.AUTOMIC_VSS.PRV.PROMPTSET.CHECKOUT">YES</UC4RB_VSS_IGNORE_CASEs.00>
<UC4RB_VSS_ITEMs.00 ReadFromTable="OPUD" altview="0" haslist="0" msginsert="" msgnr="" promptname="UC4RB_VSS_ITEM#" promptsetname="PCK.AUTOMIC_VSS.PRV.PROMPTSET.CHECKOUT"/>
<UC4RB_VSS_PASSWORDs.00 ReadFromTable="OPUD" altview="0" haslist="0" msginsert="" msgnr="" promptname="UC4RB_VSS_PASSWORD#" promptsetname="PCK.AUTOMIC_VSS.PRV.PROMPTSET.CHECKOUT">--10</UC4RB_VSS_PASSWORDs.00>
<UC4RB_VSS_RECURSIVEs.00 ReadFromTable="OPUD" altview="0" haslist="0" msginsert="" msgnr="" promptname="UC4RB_VSS_RECURSIVE#" promptsetname="PCK.AUTOMIC_VSS.PRV.PROMPTSET.CHECKOUT">YES</UC4RB_VSS_RECURSIVEs.00>
<UC4RB_VSS_USERs.00 ReadFromTable="OPUD" altview="0" haslist="0" msginsert="" msgnr="" promptname="UC4RB_VSS_USER#" promptsetname="PCK.AUTOMIC_VSS.PRV.PROMPTSET.CHECKOUT"/>
<UC4RB_VSS_UTIL_DIRs.00 ReadFromTable="OPSE" altview="0" haslist="0" msginsert="" msgnr="" promptname="UC4RB_VSS_UTIL_DIR#" promptsetname="PCK.AUTOMIC_VSS.PRV.PROMPTSET.CHECKOUT"/>
<UC4RB_VSS_WORKING_DIRs.00 ReadFromTable="OPUD" altview="0" haslist="0" msginsert="" msgnr="" promptname="UC4RB_VSS_WORKING_DIR#" promptsetname="PCK.AUTOMIC_VSS.PRV.PROMPTSET.CHECKOUT"/>
</PRPTBOX>
</PROMPTSET>
</node>
<node content="1" id="PCK.ITPA_SHARED.PRV.PROMPTSET.OVERWRITE_AGENT" name="PCK.ITPA_SHARED.PRV.PROMPTSET.OVERWRITE_AGENT" parent="PPRPTS" type="PPROMPTSET">
<PROMPTSET name="PCK.ITPA_SHARED.PRV.PROMPTSET.OVERWRITE_AGENT">
<PRPTBOX promptset="PCK.ITPA_SHARED.PRV.PROMPTSET.OVERWRITE_AGENT">
<AGENTs.00 ReadFromTable="OPSE" altview="0" haslist="0" msginsert="" msgnr="" promptname="AGENT#" promptsetname="PCK.ITPA_SHARED.PRV.PROMPTSET.OVERWRITE_AGENT"/>
<LOGINs.00 ReadFromTable="OPSE" altview="0" haslist="0" msginsert="" msgnr="" promptname="LOGIN#" promptsetname="PCK.ITPA_SHARED.PRV.PROMPTSET.OVERWRITE_AGENT"/>
</PRPTBOX>
</PROMPTSET>
</node>
</dyntree>
</dynvalues>
<CIT/>
<calendars CCTypeAll="0" CCTypeExt="0" CCTypeNone="0" CCTypeOne="1" CaleOn="0"/>
<postconditions>
<PostCon>
<conditions id="CONDITIONS"/>
</PostCon>
</postconditions>
</task>
<OPTIONS/>
</JobpStruct>
</JOBP>
<RUNTIME state="1">
<MaxRetCode>0</MaxRetCode>
<MrcExecute/>
<MrcElseE>0</MrcElseE>
<FcstStatus>0| |</FcstStatus>
<Ert>0</Ert>
<ErtMethodDef>1</ErtMethodDef>
<ErtMethodFix>0</ErtMethodFix>
<ErtFix>0</ErtFix>
<ErtDynMethod>2|Average</ErtDynMethod>
<ErtMethodDyn>0</ErtMethodDyn>
<ErtCnt>0</ErtCnt>
<ErtCorr>0</ErtCorr>
<ErtIgn>0</ErtIgn>
<ErtIgnFlg>0</ErtIgnFlg>
<ErtMinCnt>0</ErtMinCnt>
<MrtMethodNone>1</MrtMethodNone>
<MrtMethodFix>0</MrtMethodFix>
<MrtFix>0</MrtFix>
<MrtMethodErt>0</MrtMethodErt>
<MrtErt>0</MrtErt>
<MrtMethodDate>0</MrtMethodDate>
<MrtDays>0</MrtDays>
<MrtTime>00:00</MrtTime>
<MrtTZ/>
<SrtMethodNone>1</SrtMethodNone>
<SrtMethodFix>0</SrtMethodFix>
<SrtFix>0</SrtFix>
<SrtMethodErt>0</SrtMethodErt>
<SrtErt>0</SrtErt>
<MrtCancel>0</MrtCancel>
<MrtExecute>0</MrtExecute>
<MrtExecuteObj/>
</RUNTIME>
<DYNVALUES state="1">
<dyntree>
<node content="1" id="VALUE" name="Variables" parent="" type="VALUE">
<VALUE state="1">
<Values/>
<Mode>0</Mode>
</VALUE>
</node>
<node content="1" id="PCK.AUTOMIC_VSS.PRV.PROMPTSET.CHECKOUT" name="PCK.AUTOMIC_VSS.PRV.PROMPTSET.CHECKOUT" parent="PRPTS" type="PROMPTSET">
<PROMPTSET name="PCK.AUTOMIC_VSS.PRV.PROMPTSET.CHECKOUT" ontop="1">
<PRPTBOX promptset="PCK.AUTOMIC_VSS.PRV.PROMPTSET.CHECKOUT" prptmode="1">
<UC4RB_VSS_USERs.00 altview="0" haslist="0"/>
<UC4RB_VSS_PASSWORDs.00 altview="0" haslist="0">--10</UC4RB_VSS_PASSWORDs.00>
<UC4RB_VSS_WORKING_DIRs.00 altview="0" haslist="0"/>
<UC4RB_VSS_ITEMs.00 altview="0" haslist="0"/>
<UC4RB_VSS_RECURSIVEs.00 altview="0" haslist="0">YES</UC4RB_VSS_RECURSIVEs.00>
<UC4RB_VSS_IGNORE_CASEs.00 altview="0" haslist="0">YES</UC4RB_VSS_IGNORE_CASEs.00>
<UC4RB_VSS_COMMENTs.00 altview="0" haslist="0"/>
</PRPTBOX>
</PROMPTSET>
</node>
<node content="1" id="PCK.ITPA_SHARED.PRV.PROMPTSET.OVERWRITE_AGENT" name="PCK.ITPA_SHARED.PRV.PROMPTSET.OVERWRITE_AGENT" parent="PRPTS" type="PROMPTSET">
<PROMPTSET name="PCK.ITPA_SHARED.PRV.PROMPTSET.OVERWRITE_AGENT" ontop="1">
<PRPTBOX promptset="PCK.ITPA_SHARED.PRV.PROMPTSET.OVERWRITE_AGENT" prptmode="1"/>
</PROMPTSET>
</node>
</dyntree>
</DYNVALUES>
<DEPLOYMENT state="1">
<DeploymentFlag>0</DeploymentFlag>
<WFTypeA>1</WFTypeA>
<WFTypeC>0</WFTypeC>
<AppName/>
<WFName/>
<ComponentName/>
</DEPLOYMENT>
<ROLLBACK state="1">
<RollbackFlag>0</RollbackFlag>
<CBackupObj/>
<CRollbackObj/>
<FBackupPath/>
<FDeleteBefore>0</FDeleteBefore>
<FInclSubDirs>0</FInclSubDirs>
</ROLLBACK>
<SCRIPT mode="1" state="1">
<MSCRI/>
</SCRIPT>
<DOCU_Docu state="1" type="text">
<DOC><![CDATA[= RB name =
PCK.AUTOMIC_VSS.PUB.ACTION.CHECKOUT
= General description =
Checks out a file and makes the working copy of the file in the current project writable
 = Inputs =
* SS Utility Directory: Path to the directory containing ss.exe utility which will be used to communicate with Visual SourceSafe database. (C:\Program Files\Microsoft Visual SourceSafe)
* Database Directory: The UNC path to the directory containing the Srcsafe.ini file for your database (\\server\share). Or local path to the Srcsafe.ini file on local computer (C:\myVSS).
* VSS Username: Visual SourceSafe user. Use this field when user want to checkout item as another user. (Option -Y)
* VSS Password: Visual SourceSafe password. Use this field when user want to checkout item as another user. (Option -Y)
* Working Directory: Path to working directory where item is checkout. (Option -GL)
* Item: Specifies one or more files to check out. The use of wildcard is supported.
* Recursive: Checks out all files that match the itemspec in the current directory or specified location and subfolders. (Option -R)
* Ignore Case:Ignores case, for example, the upper-case letter A is considered the same as the lower-case letter a. (Option -IC)
* Comment: Specify checkout comment apply for all items. Left this field blank if no comment. (Option -C)
= Behavior =
= Outputs =
* Return code is 0 or 1 if success
* Return code is 4 or 100 if fail.
= Rollback =
(none)
= Logging =
(none)
= Example =
(none)]]></DOC>
</DOCU_Docu>
</JOBP>
<JOBI name="PCK.AUTOMIC_VSS.PRV.INCLUDE.CHECKOUT_LOGGING_PARAM">
<HEADER state="1">
<Title/>
<ArchiveKey1/>
<ArchiveKey2/>
<OH_SubType/>
</HEADER>
<SCRIPT mode="1" state="1">
<MSCRI><![CDATA[:INC PCK.AUTOMIC_FILESYSTEM.PUB.INCLUDE.NORMALIZE_PATH "UC4RB_CONVERTED_STRING" = "UC4RB_VSS_UTIL_DIR"
:SET &UC4RB_CONVERTED_STRING# = "&UC4RB_VSS_DB_DIR#"
:INC PCK.ITPA_SHARED.PRV.INCLUDE.CONVERT_SLASHES_WINDOWS_STYLE
:INC PCK.AUTOMIC_FILESYSTEM.PUB.INCLUDE.NORMALIZE_PATH "UC4RB_CONVERTED_STRING" = "UC4RB_VSS_WORKING_DIR"

:SET &UC4RB_LOGGING_PARAMETER# = "SourceSafe Utility Directory"
:INC PCK.ITPA_SHARED.PRV.INCLUDE.LOGGING.PARAM &UC4RB_LOGGING_PARAMETER_VAL# = &UC4RB_VSS_UTIL_DIR#
:SET &UC4RB_LOGGING_PARAMETER# = "Database Directory"
:INC PCK.ITPA_SHARED.PRV.INCLUDE.LOGGING.PARAM &UC4RB_LOGGING_PARAMETER_VAL# = &UC4RB_VSS_DB_DIR#
:SET &UC4RB_LOGGING_PARAMETER# = "VSS Username"
:INC PCK.ITPA_SHARED.PRV.INCLUDE.LOGGING.PARAM &UC4RB_LOGGING_PARAMETER_VAL# = &UC4RB_VSS_USER#
:SET &UC4RB_LOGGING_PARAMETER# = "VSS Password"
:INC PCK.ITPA_SHARED.PRV.INCLUDE.LOGGING.PARAM &UC4RB_LOGGING_PARAMETER_VAL# = &UC4RB_VSS_PASSWORD#
:SET &UC4RB_LOGGING_PARAMETER# = "Working Directory"
:INC PCK.ITPA_SHARED.PRV.INCLUDE.LOGGING.PARAM &UC4RB_LOGGING_PARAMETER_VAL# = &UC4RB_VSS_WORKING_DIR#
:SET &UC4RB_LOGGING_PARAMETER# = "Item"
:INC PCK.ITPA_SHARED.PRV.INCLUDE.LOGGING.PARAM &UC4RB_LOGGING_PARAMETER_VAL# = &UC4RB_VSS_ITEM#
:SET &UC4RB_LOGGING_PARAMETER# = "Recursive"
:INC PCK.ITPA_SHARED.PRV.INCLUDE.LOGGING.PARAM &UC4RB_LOGGING_PARAMETER_VAL# = &UC4RB_VSS_RECURSIVE#
:SET &UC4RB_LOGGING_PARAMETER# = "Ignore Case"
:INC PCK.ITPA_SHARED.PRV.INCLUDE.LOGGING.PARAM &UC4RB_LOGGING_PARAMETER_VAL# = &UC4RB_VSS_IGNORE_CASE#
:SET &UC4RB_LOGGING_PARAMETER# = "Comment"
:INC PCK.ITPA_SHARED.PRV.INCLUDE.LOGGING.PARAM &UC4RB_LOGGING_PARAMETER_VAL# = &UC4RB_VSS_COMMENT#]]></MSCRI>
</SCRIPT>
<DOCU_Docu state="1" type="text">
<DOC/>
</DOCU_Docu>
</JOBI>
<JOBS_WINDOWS AttrType="WINDOWS" name="PCK.AUTOMIC_VSS.PRV.JOB.CHECKOUT@WINDOWS">
<XHEADER state="1">
<Title/>
<ArchiveKey1/>
<ArchiveKey2/>
<Active>1</Active>
<OH_SubType/>
<CustomAttributes KeyListID="0" dataRequestID="0"/>
</XHEADER>
<OUTPUTREG state="1">
<FileReg/>
</OUTPUTREG>
<SYNCREF state="1">
<Syncs/>
</SYNCREF>
<ATTR_JOBS state="1">
<Queue>CLIENT_QUEUE</Queue>
<StartType/>
<HostDst>|&lt;WIN&gt;|HOST</HostDst>
<HostATTR_Type>WINDOWS</HostATTR_Type>
<CodeName/>
<Login/>
<IntAccount/>
<ExtRepDef>1</ExtRepDef>
<ExtRepAll>0</ExtRepAll>
<ExtRepNone>0</ExtRepNone>
<AutoDeactNo>0</AutoDeactNo>
<AutoDeact1ErrorFree>0</AutoDeact1ErrorFree>
<AutoDeactErrorFree>0</AutoDeactErrorFree>
<DeactWhen/>
<DeactDelay>0</DeactDelay>
<AutoDeactAlways>1</AutoDeactAlways>
<AttDialog>0</AttDialog>
<ActAtRun>1</ActAtRun>
<Consumption>0</Consumption>
<UC4Priority>0</UC4Priority>
<MaxParallel2>0</MaxParallel2>
<MpElse1>1</MpElse1>
<MpElse2>0</MpElse2>
<TZ/>
</ATTR_JOBS>
<ATTR_WINDOWS state="1">
<OutputDb>1</OutputDb>
<OutputDbErr>0</OutputDbErr>
<OutputFile>0</OutputFile>
<IsGenerated>0</IsGenerated>
<BAT>1</BAT>
<COM>0</COM>
<WinBatch>0</WinBatch>
<Standard>1</Standard>
<Minimized>0</Minimized>
<Maximized>0</Maximized>
<JObjDefault>1</JObjDefault>
<JObjYes>0</JObjYes>
<JObjNo>0</JObjNo>
<WorkingDirectory>c:\</WorkingDirectory>
<Command/>
<LogOn>0</LogOn>
<ShowJob>0</ShowJob>
</ATTR_WINDOWS>
<RUNTIME state="1">
<MaxRetCode>1</MaxRetCode>
<MrcExecute/>
<MrcElseE>0</MrcElseE>
<FcstStatus>0| |</FcstStatus>
<Ert>0</Ert>
<ErtMethodDef>1</ErtMethodDef>
<ErtMethodFix>0</ErtMethodFix>
<ErtFix>0</ErtFix>
<ErtDynMethod>2|Average</ErtDynMethod>
<ErtMethodDyn>0</ErtMethodDyn>
<ErtCnt>0</ErtCnt>
<ErtCorr>0</ErtCorr>
<ErtIgn>0</ErtIgn>
<ErtIgnFlg>0</ErtIgnFlg>
<ErtMinCnt>0</ErtMinCnt>
<MrtMethodNone>1</MrtMethodNone>
<MrtMethodFix>0</MrtMethodFix>
<MrtFix>0</MrtFix>
<MrtMethodErt>0</MrtMethodErt>
<MrtErt>0</MrtErt>
<MrtMethodDate>0</MrtMethodDate>
<MrtDays>0</MrtDays>
<MrtTime>00:00</MrtTime>
<MrtTZ/>
<SrtMethodNone>1</SrtMethodNone>
<SrtMethodFix>0</SrtMethodFix>
<SrtFix>0</SrtFix>
<SrtMethodErt>0</SrtMethodErt>
<SrtErt>0</SrtErt>
<MrtCancel>0</MrtCancel>
<MrtExecute>0</MrtExecute>
<MrtExecuteObj/>
</RUNTIME>
<DYNVALUES state="1">
<dyntree>
<node content="1" id="VALUE" name="Variables" parent="" type="VALUE">
<VALUE state="1">
<Values/>
<Mode>0</Mode>
</VALUE>
</node>
</dyntree>
</DYNVALUES>
<ROLLBACK state="1">
<RollbackFlag>0</RollbackFlag>
<CBackupObj/>
<CRollbackObj/>
<FBackupPath/>
<FDeleteBefore>0</FDeleteBefore>
<FInclSubDirs>0</FInclSubDirs>
</ROLLBACK>
<PRE_SCRIPT mode="1" replacementmode="1" state="1">
<PSCRI><![CDATA[:INCLUDE PCK.ITPA_SHARED.PUB.INCLUDE.START_STOP_JOB_ACCORDING_TO_AGENT_OS]]></PSCRI>
</PRE_SCRIPT>
<SCRIPT mode="1" state="1">
<MSCRI><![CDATA[@echo off
:DEFINE &STRING_ARR#,string,30
:INC PCK.ITPA_SHARED.PUB.INCLUDE.ATTACH

:INC PCK.ITPA_SHARED.PRV.INCLUDE.LOGGING.HEADER.PARAM_VALIDATION
:INC PCK.AUTOMIC_VSS.PRV.INCLUDE.CHECKOUT_LOGGING_PARAM
set /a errors=0

! Check SS Utility Path exist
:SET &UC4RB_CHECKME# = "&UC4RB_VSS_UTIL_DIR#"
:INCLUDE PCK.AUTOMIC_FILESYSTEM.PUB.INCLUDE.CHECK_WINDOWS_CONSOLE_FILE_EXISTS
if %EXIST% == 0 (
:  SET &UC4RB_LOGGING_PARAMETER# = "SS Utility Directory"
:  SET &UC4RB_LOGGING_ERROR# = "Utility directory '&UC4RB_CHECKME#' doesn't exist."
:  INC PCK.ITPA_SHARED.PRV.INCLUDE.LOGGING.ERROR.PARAMETER
  set /a errors=4 > nul
)
if %ISFILE% == 1 (
:  SET &UC4RB_LOGGING_PARAMETER# = "SS Utility Directory"
:  SET &UC4RB_LOGGING_ERROR# = "Utility directory '&UC4RB_CHECKME#' existed but is not a directory."
:  INC PCK.ITPA_SHARED.PRV.INCLUDE.LOGGING.ERROR.PARAMETER
  set /a errors=4 > nul
)

!:IF &UC4RB_VSS_USER# <> ''
!:  IF &UC4RB_VSS_PASSWORD# = '--10'
!:    SET &UC4RB_LOGGING_PARAMETER# = "VSS username/VSS password"
!:    SET &UC4RB_LOGGING_ERROR# = "VSS username and VSS password must be specified or left empty together"
!:    INC PCK.ITPA_SHARED.PRV.INCLUDE.LOGGING.ERROR.PARAMETER
!     set /a errors=4
!:  ENDIF
!:ELSE
!:  IF &UC4RB_VSS_PASSWORD# <> '--10'
!:    SET &UC4RB_LOGGING_PARAMETER# = "VSS username/VSS password"
!:    SET &UC4RB_LOGGING_ERROR# = "VSS username and VSS password must be specified or left empty together"
!:    INC PCK.ITPA_SHARED.PRV.INCLUDE.LOGGING.ERROR.PARAMETER
!     set /a errors=4
!:  ENDIF
!:ENDIF

! stop execution if validation errors occurred
if %errors% gtr 0 (
  set retcode=%errors%
  goto :retcode
)

! ensure Working Directory existed
cd /d "&UC4RB_VSS_WORKING_DIR#" > nul
@if NOT %ERRORLEVEL% == 0 (
mkdir "&UC4RB_VSS_WORKING_DIR#"
)
:INC PCK.ITPA_SHARED.PRV.INCLUDE.CHECK_CMDLINE_CMD@WINDOWS

:INC PCK.ITPA_SHARED.PRV.INCLUDE.LOGGING.HEADER.EXECUTION
cd /d "&UC4RB_VSS_UTIL_DIR#"
set SSDIR=&UC4RB_VSS_DB_DIR#
:SET &COMMAND# = 'ss checkout "&UC4RB_VSS_ITEM#" -I-Y -GL"&UC4RB_VSS_WORKING_DIR#" -C"&UC4RB_VSS_COMMENT#"'
:IF &UC4RB_VSS_RECURSIVE# = 'YES'
:  SET &COMMAND# = STR_CAT(&COMMAND#,' -R')
:ENDIF
:IF &UC4RB_VSS_IGNORE_CASE# = 'YES'
:  SET &COMMAND# = STR_CAT(&COMMAND#,' -IC')
:ENDIF
:IF &UC4RB_VSS_USER# <> ''
:  SET &COMMAND# = STR_CAT(&COMMAND#,' -Y&UC4RB_VSS_USER#')
:  IF &UC4RB_VSS_PASSWORD# <> ''
:    SET &UC4RB_ENCRYPTED_PASSWORD_TMP# = "&UC4RB_VSS_PASSWORD#"
:    INC PCK.ITPA_SHARED.PRV.INCLUDE.DECRYPT_PASSWORD
:    SET &COMMAND# = STR_CAT(&COMMAND#,',%UC4_DECRYPTED_PWD%')  
:  ENDIF
:ENDIF
&COMMAND#
:INC PCK.ITPA_SHARED.PRV.INCLUDE.CHECK_CMDLINE_CMD@WINDOWS]]></MSCRI>
</SCRIPT>
<OUTPUTSCAN state="1">
<Inherit>N</Inherit>
<filterobjects/>
<HostFsc/>
<LoginFsc/>
</OUTPUTSCAN>
<POST_SCRIPT mode="1" replacementmode="1" state="1">
<OSCRI/>
</POST_SCRIPT>
<DOCU_Docu state="1" type="text">
<DOC/>
</DOCU_Docu>
</JOBS_WINDOWS>
<PRPT name="PCK.AUTOMIC_VSS.PRV.PROMPTSET.CHECKOUT">
<HEADER state="1">
<Title/>
<ArchiveKey1/>
<ArchiveKey2/>
<OH_SubType/>
</HEADER>
<PROMPTDESIGNER state="1">
<DESIGNER/>
</PROMPTDESIGNER>
<PROMPTSETXUI state="1">
<XUIEDITOR><![CDATA[<dialog height="424" icon="PRPT" id="PRPTS" left="0" top="0" width="441"><readpanel fill="b" id="PRPTBOX" nl="1" scroll="v" text="VSS Checkout"><properties><entry name="text">VSS Checkout</entry><entry name="modifiable">0</entry></properties><text alt="1" enabled="1" fill="b" focus="0" id="UC4RB_VSS_UTIL_DIRs.00" inputassistance="0" len="" multiline="0" multilineIcon="0" nl="1" regex="" required="0" separator=";" showaspassword="0" text="SS Utility Directory" tooltip="Path to the directory containing ss.exe utility which will be used to communicate with Visual SourceSafe database. (C:\Program Files\Microsoft Visual SourceSafe)" upper="0"><oninputassistant><command request="_internal" target="_view" targetaction="setAttribute" targetparam="promptname|@id"/><command request="_internal" target="_view" targetaction="setAttribute" targetparam="promptvalue|@value"/><command owner="_promptsetcontainer" owneraction="getData" request="getpromptinputassistance" target="_chainwindow"/></oninputassistant>
         
      <properties>
        <entry listparam="C,N" name="reference" reftype="STATIC">UC_DATATYPE_STRING</entry>
        <entry name="xmlkey"/>
        <entry name="xmlpath"/>
        <entry name="text">SS Utility Directory</entry>
        <entry name="multiline">0</entry>
        <entry name="multilineIcon">0</entry>
        <entry name="multiselect">0</entry>
        <entry name="separator">;</entry>
        <entry name="len"/>
        <entry name="quotes"/>
        <entry name="id">UC4RB_VSS_UTIL_DIRs.00</entry>
        <entry name="regex"/>
        <entry name="inputassistance">0</entry>
        <entry name="enabled">0</entry>
        <entry name="required">1</entry>
        <entry name="upper">0</entry>
        <entry name="focus">0</entry>
        <entry name="showaspassword">0</entry>
        <entry name="tooltip">Path to the directory containing ss.exe utility which will be used to communicate with Visual SourceSafe database. (C:\Program Files\Microsoft Visual SourceSafe)</entry>
        <entry name="modifiable">1</entry>
        <entry name="customfield"/>
        <entry name="onchangereset"/>
        <entry name="resetable">1</entry>
      <entry name="initvalue"/>
         </properties>
    </text><text alt="1" enabled="1" fill="b" focus="0" id="UC4RB_VSS_DB_DIRs.00" inputassistance="0" len="" multiline="0" multilineIcon="0" nl="1" regex="" required="0" separator=";" showaspassword="0" text="Database Directory" tooltip="The UNC path to the directory containing the Srcsafe.ini file for your database (\\server\share). Or local path to the Srcsafe.ini file on local computer (C:\myVSS)." upper="0"><oninputassistant><command request="_internal" target="_view" targetaction="setAttribute" targetparam="promptname|@id"/><command request="_internal" target="_view" targetaction="setAttribute" targetparam="promptvalue|@value"/><command owner="_promptsetcontainer" owneraction="getData" request="getpromptinputassistance" target="_chainwindow"/></oninputassistant>
         
      <properties>
        <entry listparam="C,N" name="reference" reftype="STATIC">UC_DATATYPE_STRING</entry>
        <entry name="xmlkey"/>
        <entry name="xmlpath"/>
        <entry name="text">Database Directory</entry>
        <entry name="multiline">0</entry>
        <entry name="multilineIcon">0</entry>
        <entry name="multiselect">0</entry>
        <entry name="separator">;</entry>
        <entry name="len"/>
        <entry name="quotes"/>
        <entry name="id">UC4RB_VSS_DB_DIRs.00</entry>
        <entry name="regex"/>
        <entry name="inputassistance">0</entry>
        <entry name="enabled">0</entry>
        <entry name="required">1</entry>
        <entry name="upper">0</entry>
        <entry name="focus">0</entry>
        <entry name="showaspassword">0</entry>
        <entry name="tooltip">The UNC path to the directory containing the Srcsafe.ini file for your database (\\server\share). Or local path to the Srcsafe.ini file on local computer (C:\myVSS).</entry>
        <entry name="modifiable">1</entry>
        <entry name="customfield"/>
        <entry name="onchangereset"/>
        <entry name="resetable">1</entry>
      <entry name="initvalue"/>
         </properties>
    </text><text alt="1" enabled="1" fill="b" focus="0" id="UC4RB_VSS_USERs.00" inputassistance="0" len="" multiline="0" multilineIcon="0" nl="1" regex="" required="0" separator=";" showaspassword="0" text="VSS Username" tooltip="Visual SourceSafe user. Use this field when user want to checkout item as another user. (Option -Y)" upper="0"><oninputassistant><command request="_internal" target="_view" targetaction="setAttribute" targetparam="promptname|@id"/><command request="_internal" target="_view" targetaction="setAttribute" targetparam="promptvalue|@value"/><command owner="_promptsetcontainer" owneraction="getData" request="getpromptinputassistance" target="_chainwindow"/></oninputassistant>
         
      <properties>
        <entry listparam="C,N" name="reference" reftype="STATIC">UC_DATATYPE_STRING</entry>
        <entry name="xmlkey"/>
        <entry name="xmlpath"/>
        <entry name="text">VSS Username</entry>
        <entry name="multiline">0</entry>
        <entry name="multilineIcon">0</entry>
        <entry name="multiselect">0</entry>
        <entry name="separator">;</entry>
        <entry name="len"/>
        <entry name="quotes"/>
        <entry name="id">UC4RB_VSS_USERs.00</entry>
        <entry name="regex"/>
        <entry name="inputassistance">0</entry>
        <entry name="enabled">0</entry>
        <entry name="required">0</entry>
        <entry name="upper">0</entry>
        <entry name="focus">0</entry>
        <entry name="showaspassword">0</entry>
        <entry name="tooltip">Visual SourceSafe user. Use this field when user want to checkout item as another user. (Option -Y)</entry>
        <entry name="modifiable">1</entry>
        <entry name="customfield"/>
        <entry name="onchangereset"/>
        <entry name="resetable">1</entry>
      <entry name="initvalue"/>
         </properties>
    </text><text alt="1" enabled="1" fill="b" focus="0" id="UC4RB_VSS_PASSWORDs.00" inputassistance="0" len="" multiline="0" multilineIcon="0" nl="1" regex="" required="0" separator=";" showaspassword="1" text="VSS Password" tooltip="Visual SourceSafe password. Use this field when user want to checkout item as another user. (Option -Y)" upper="0"><oninputassistant><command request="_internal" target="_view" targetaction="setAttribute" targetparam="promptname|@id"/><command request="_internal" target="_view" targetaction="setAttribute" targetparam="promptvalue|@value"/><command owner="_promptsetcontainer" owneraction="getData" request="getpromptinputassistance" target="_chainwindow"/></oninputassistant>
         
      <properties>
        <entry listparam="C,N" name="reference" reftype="STATIC">UC_DATATYPE_STRING</entry>
        <entry name="xmlkey"/>
        <entry name="xmlpath"/>
        <entry name="text">VSS Password</entry>
        <entry name="multiline">0</entry>
        <entry name="multilineIcon">0</entry>
        <entry name="multiselect">0</entry>
        <entry name="separator">;</entry>
        <entry name="len"/>
        <entry name="quotes"/>
        <entry name="id">UC4RB_VSS_PASSWORDs.00</entry>
        <entry name="regex"/>
        <entry name="inputassistance">0</entry>
        <entry name="enabled">0</entry>
        <entry name="required">0</entry>
        <entry name="upper">0</entry>
        <entry name="focus">0</entry>
        <entry name="showaspassword">1</entry>
        <entry name="tooltip">Visual SourceSafe password. Use this field when user want to checkout item as another user. (Option -Y)</entry>
        <entry name="modifiable">1</entry>
        <entry name="customfield"/>
        <entry name="onchangereset"/>
        <entry name="resetable">1</entry>
      <entry name="initvalue"/>
         </properties>
    </text><text alt="1" enabled="1" fill="b" focus="0" id="UC4RB_VSS_WORKING_DIRs.00" inputassistance="0" len="" multiline="0" multilineIcon="0" nl="1" regex="" required="0" separator=";" showaspassword="0" text="Working Directory" tooltip="Path to working directory where item is checkout. (Option -GL)" upper="0"><oninputassistant><command request="_internal" target="_view" targetaction="setAttribute" targetparam="promptname|@id"/><command request="_internal" target="_view" targetaction="setAttribute" targetparam="promptvalue|@value"/><command owner="_promptsetcontainer" owneraction="getData" request="getpromptinputassistance" target="_chainwindow"/></oninputassistant>
         
      <properties>
        <entry listparam="C,N" name="reference" reftype="STATIC">UC_DATATYPE_STRING</entry>
        <entry name="xmlkey"/>
        <entry name="xmlpath"/>
        <entry name="text">Working Directory</entry>
        <entry name="multiline">0</entry>
        <entry name="multilineIcon">0</entry>
        <entry name="multiselect">0</entry>
        <entry name="separator">;</entry>
        <entry name="len"/>
        <entry name="quotes"/>
        <entry name="id">UC4RB_VSS_WORKING_DIRs.00</entry>
        <entry name="regex"/>
        <entry name="inputassistance">0</entry>
        <entry name="enabled">0</entry>
        <entry name="required">0</entry>
        <entry name="upper">0</entry>
        <entry name="focus">0</entry>
        <entry name="showaspassword">0</entry>
        <entry name="tooltip">Path to working directory where item is checkout. (Option -GL)</entry>
        <entry name="modifiable">1</entry>
        <entry name="customfield"/>
        <entry name="onchangereset"/>
        <entry name="resetable">1</entry>
      <entry name="initvalue"/>
         </properties>
    </text><text alt="1" enabled="1" fill="b" focus="0" id="UC4RB_VSS_ITEMs.00" inputassistance="0" len="" multiline="0" multilineIcon="0" nl="1" regex="" required="0" separator=";" showaspassword="0" text="Item" tooltip="Specifies one or more files to check out. The use of wildcard is supported." upper="0"><oninputassistant><command request="_internal" target="_view" targetaction="setAttribute" targetparam="promptname|@id"/><command request="_internal" target="_view" targetaction="setAttribute" targetparam="promptvalue|@value"/><command owner="_promptsetcontainer" owneraction="getData" request="getpromptinputassistance" target="_chainwindow"/></oninputassistant>
         
      <properties>
        <entry listparam="C,N" name="reference" reftype="STATIC">UC_DATATYPE_STRING</entry>
        <entry name="xmlkey"/>
        <entry name="xmlpath"/>
        <entry name="text">Item</entry>
        <entry name="multiline">0</entry>
        <entry name="multilineIcon">0</entry>
        <entry name="multiselect">0</entry>
        <entry name="separator">;</entry>
        <entry name="len"/>
        <entry name="quotes"/>
        <entry name="id">UC4RB_VSS_ITEMs.00</entry>
        <entry name="regex"/>
        <entry name="inputassistance">0</entry>
        <entry name="enabled">0</entry>
        <entry name="required">0</entry>
        <entry name="upper">0</entry>
        <entry name="focus">0</entry>
        <entry name="showaspassword">0</entry>
        <entry name="tooltip">Specifies one or more files to check out. The use of wildcard is supported.</entry>
        <entry name="modifiable">1</entry>
        <entry name="customfield"/>
        <entry name="onchangereset"/>
        <entry name="resetable">1</entry>
      <entry name="initvalue"/>
         </properties>
    </text><dynradiogroup alt="1" enabled="1" fill="b" focus="" id="UC4RB_VSS_RECURSIVEs.00" nl="1" text="Recursive" tooltip="Checks out all files that match the itemspec in the current directory or specified location and subfolders. (Option -R)" required="0">
      <properties>
        <entry listparam="C,N" name="reference" reftype="STATIC">PCK.ITPA_SHARED.PRV.VARA.YES_NO</entry>
        <entry name="xmlkey"/>
        <entry name="xmlpath"/>
        <entry name="text">Recursive</entry>
        <entry name="quotes"/>
        <entry name="id">UC4RB_VSS_RECURSIVEs.00</entry>
        <entry name="enabled">0</entry>
        <entry name="focus">0</entry>
        <entry name="tooltip">Checks out all files that match the itemspec in the current directory or specified location and subfolders. (Option -R)</entry>
        <entry name="modifiable">1</entry>
        <entry name="customfield"/>
      <entry name="initvalue"/>
         </properties>
    </dynradiogroup><dynradiogroup alt="1" enabled="1" fill="b" focus="" id="UC4RB_VSS_IGNORE_CASEs.00" nl="1" text="Ignore Case" tooltip="Ignores case, for example, the upper-case letter A is considered the same as the lower-case letter a. (Option -IC)" required="0">
      <properties>
        <entry listparam="C,N" name="reference" reftype="STATIC">PCK.ITPA_SHARED.PRV.VARA.YES_NO</entry>
        <entry name="xmlkey"/>
        <entry name="xmlpath"/>
        <entry name="text">Ignore Case</entry>
        <entry name="quotes"/>
        <entry name="id">UC4RB_VSS_IGNORE_CASEs.00</entry>
        <entry name="enabled">0</entry>
        <entry name="focus">0</entry>
        <entry name="tooltip">Ignores case, for example, the upper-case letter A is considered the same as the lower-case letter a. (Option -IC)</entry>
        <entry name="modifiable">1</entry>
        <entry name="customfield"/>
      <entry name="initvalue"/>
         </properties>
    </dynradiogroup><text alt="1" enabled="1" fill="b" focus="0" id="UC4RB_VSS_COMMENTs.00" inputassistance="0" len="" multiline="0" multilineIcon="0" nl="1" regex="" required="0" separator=";" showaspassword="0" text="Comment" tooltip="Specify checkout comment apply for all items. Left this field blank if no comment. (Option -C)" upper="0"><oninputassistant><command request="_internal" target="_view" targetaction="setAttribute" targetparam="promptname|@id"/><command request="_internal" target="_view" targetaction="setAttribute" targetparam="promptvalue|@value"/><command owner="_promptsetcontainer" owneraction="getData" request="getpromptinputassistance" target="_chainwindow"/></oninputassistant>
         
      <properties>
        <entry listparam="C,N" name="reference" reftype="STATIC">UC_DATATYPE_STRING</entry>
        <entry name="xmlkey"/>
        <entry name="xmlpath"/>
        <entry name="text">Comment</entry>
        <entry name="multiline">0</entry>
        <entry name="multilineIcon">0</entry>
        <entry name="multiselect">0</entry>
        <entry name="separator">;</entry>
        <entry name="len"/>
        <entry name="quotes"/>
        <entry name="id">UC4RB_VSS_COMMENTs.00</entry>
        <entry name="regex"/>
        <entry name="inputassistance">0</entry>
        <entry name="enabled">0</entry>
        <entry name="required">0</entry>
        <entry name="upper">0</entry>
        <entry name="focus">0</entry>
        <entry name="showaspassword">0</entry>
        <entry name="tooltip">Specify checkout comment apply for all items. Left this field blank if no comment. (Option -C)</entry>
        <entry name="modifiable">1</entry>
        <entry name="customfield"/>
        <entry name="onchangereset"/>
        <entry name="resetable">1</entry>
      <entry name="initvalue"/>
         </properties>
    </text></readpanel></dialog>]]></XUIEDITOR>
</PROMPTSETXUI>
<PROMPTSETDATA state="1">
<DATAEDITOR><![CDATA[<PRPTS ontop="1"><PRPTBOX><UC4RB_VSS_UTIL_DIRs.00 haslist="0" msgnr="-1" msginsert="" altview="0" promptname="UC4RB_VSS_UTIL_DIR#" ReadFromTable="OPSE"></UC4RB_VSS_UTIL_DIRs.00><UC4RB_VSS_DB_DIRs.00 haslist="0" msgnr="-1" msginsert="" altview="0" promptname="UC4RB_VSS_DB_DIR#" ReadFromTable="OPSE"></UC4RB_VSS_DB_DIRs.00><UC4RB_VSS_USERs.00 haslist="0" msgnr="-1" msginsert="" altview="0" promptname="UC4RB_VSS_USER#" ReadFromTable="OPSE"></UC4RB_VSS_USERs.00><UC4RB_VSS_PASSWORDs.00 haslist="0" msgnr="-1" msginsert="" altview="0" promptname="UC4RB_VSS_PASSWORD#" ReadFromTable="OPSE"></UC4RB_VSS_PASSWORDs.00><UC4RB_VSS_WORKING_DIRs.00 haslist="0" msgnr="-1" msginsert="" altview="0" promptname="UC4RB_VSS_WORKING_DIR#" ReadFromTable="OPSE"></UC4RB_VSS_WORKING_DIRs.00><UC4RB_VSS_ITEMs.00 haslist="0" msgnr="-1" msginsert="" altview="0" promptname="UC4RB_VSS_ITEM#" ReadFromTable="OPSE"></UC4RB_VSS_ITEMs.00><UC4RB_VSS_RECURSIVEs.00 haslist="0" msgnr="-1" msginsert="" altview="0" promptname="UC4RB_VSS_RECURSIVE#" ReadFromTable="OPSE">YES</UC4RB_VSS_RECURSIVEs.00><UC4RB_VSS_IGNORE_CASEs.00 haslist="0" msgnr="-1" msginsert="" altview="0" promptname="UC4RB_VSS_IGNORE_CASE#" ReadFromTable="OPSE">YES</UC4RB_VSS_IGNORE_CASEs.00><UC4RB_VSS_COMMENTs.00 haslist="0" msgnr="-1" msginsert="" altview="0" promptname="UC4RB_VSS_COMMENT#" ReadFromTable="OPSE"></UC4RB_VSS_COMMENTs.00></PRPTBOX></PRPTS>]]></DATAEDITOR>
</PROMPTSETDATA>
<DOCU_Docu state="1" type="text">
<DOC/>
</DOCU_Docu>
</PRPT>
</uc-export>